দলীয়_সরকারের_অধীন,72
চলতি_অর্থবছরের_মাস,163
নিরপেক্ষ_সরকারের_অধীন,51
অর্থমন্ত্রী_মুস্তফা_কামাল,54
সাবেক_মার্কিন_প্রেসিডেন্ট,55
সুশাসনের_নাগরিক_সুজন,76
বন্দুকযুদ্ধের_ঘটনা_ঘট,52
পরিমাণ_কোটি_টাকা,65
লেভেল_প্লেয়িং_ফিল্ড,65
বাংলাদেশ_শিল্প_বণিক,87
ঢাকার_মহানগর_হাকিম,61
কোটি_লাখ_টাকা,97
পরিবারের_সদস্যদের_সাথ,134
কোচের_দায়িত্ব_পালন,62
হাতমারফৎ_বার্তা_যাচা,99
সিটি_করপোরেশন_নির্বাচন,376
নেতিবাচক_প্রভাব_পড়ব,53
টাকা_কেজি_দর,140
ডেপুটি_অ্যাটর্নি_জেনার,127
পাওনা_টাকা_আদা,103
অপরকে_ভাল_বোঝ,55
বুদ্ধিমত্তার_সময়_সুযোগ,55
কাটিয়ে_উঠতে_পারব,27
টেকসই_উন্নয়ন_লক্ষ্যমাত্,81
পুলিশের_অপরাধ_তদন্ত,81
নির্বাচনের_তফসিল_ঘোষণা,66
খালেদা_জিয়ার_জামিন,48
শাওন_খান_সূত্র,51
অনভিপ্রেত_সংবাদ_প,76
আপনাকে_সত্যিই_বলব,71
আনিসুল_সাহিত্যিক_সাংবাদিক,127
স্থানীয়_সরকার_নির্বাচন,127
কৃষিমন্ত্রী_মতিয়া_চৌধুরী,60
মামলার_তদন্ত_কর্মকর্তা,209
পাঁচ_বছরের_কারাদণ্ড,48
ব্যাংকের_ব্যবস্থাপনা_পরিচালক,186
নিয়ন্ত্রণ_কমিশন_বিটিআরসি,9
বাংলাদেশ_ছাত্র_অধিক,80
বাড়িতে_সমস্যা_আশা,61
সারা_আলি_খান,66
কোটি_কোটি_টাকা,108
সংযুক্ত_আরব_আমিরাত,296
জাতীয়_ফুটবল_দল,39
ওভারে_উইকেটে_রান,120
সাইফ_আলি_খান,64
সামাজিক_সংকট_এড়ি,55
সেগুলো_খুঁটিয়ে_দেখুন,59
দিনের_শেষ_ভাগ,61
রায়_ঘোষণার_সম,58
পাঠানো_সংবাদ_বিজ্ঞপ্তি,61
তিন_লাখ_টাকা,93
শেখ_হাসিনার_সরক,61
হাজার_হাজার_মানুষ,130
বেল্ট_অ্যান্ড_রোড,60
গ্রেপ্তারি_পরোয়ানা_জারি,58
রানের_ইনিংস_খে,62
প্রধান_নির্বাচন_কমিশনার,53
স্ত্রীকে_দীর্ঘ_সম,51
সমস্যার_সমাধান_সম্ভব,61
জেলা_আওয়ামী_লীগ,111
সাবের_হোসেন_চৌধুরী,51
মহীউদ্দীন_খান_আলমগীর,92
ঢাকা_চট্টগ্রাম_মহাসড়,96
আসিফ_নজরুল_অধ্যাপক,64
সালের_ফেব্রুয়ারি_মাস,56
রাত_সাড়ে_,63
মৃত্যুকালে_বয়স_বছর,64
উপজেলা_আওয়ামী_লীগ,97
ইনিংসে_রানে_অলআউট,64
আবু_হায়দার_রনি,93
বেগম_খালেদা_জিয়,51
মেষ_21Mar_Apr,600
বিবাহিত_জীবনের_স,43
কলেজ_হাসপাতালে_ভর্তি,58
রুহুল_কবির_রিজভী,187
ছবিটি_মুক্তি_পাব,102
পড়াশোনায়_আনন্দ_পাব,116
আওয়ামী_লীগ_নেতা,178
বাংলাদেশ_টেলিযোগাযোগ_নিয়ন্ত্রণ,71
রোমান্স_বিনোদন_শুভ,130
ইউএস_বাংলা_এয়ারলাইনস,53
জেলা_পরিষদের_চেয়ারম্যান,64
সকালে_ঘুম_উঠ,58
সরকারি_বেসরকারি_পর্যা,57
যৌন_হয়রানির_শিক,68
হার_দশমিক_শতাংশ,228
ফখরুল_ইসলাম_আলমগীর,13
রাশেদ_খান_মেনন,150
মেডিকেল_কলেজ_হাসপাতাল,230
সম্মিলিত_সামরিক_হাসপাতাল,52
কলেজ_হাসপাতালে_পাঠানো,7
উইকেট_হারিয়ে_রান,73
বদিউল_আলম_মজুমদ,109
জাতীয়_নিরাপত্তা_উপদেষ্,67
ধরনের_সামাজিক_সমস্য,72
স্কুল_কলেজের_শিক্ষার্থী,56
দলের_হাল_ধর,66
দিনটি_শুভ_সম্ভাবনাম,172
সড়ক_দুর্ঘটনায়_নিহত,65
পরিকল্পনামন্ত্রী_মুস্তফা_কামাল,103
অবাধ_সুষ্ঠু_নির্বাচন,66
বেকারদের_কারো_কারো,72
ভালোবাসা_দিবস_উপলক্ষ,51
ঢাকা_বিশ্ববিদ্যালয়ের_উপাচার্য,82
টাইগার_জিন্দা_হ্যা,111
কাজী_আমিনুল_ইসলাম,54
মূল্যবোধ_সমুন্নত_থাক,64
সাময়িক_অসুস্থতায়_ভুগ,77
ক্লান্তিকর_চাপপূর্ণ_প্রমাণিত,93
বাজার_গবেষণা_প্রতিষ্ঠান,75
পানি_পান_করুন,61
আহারেবিহারে_সতর্ক_থাকুন,88
আসুন_জেনে_যাক,88
মূল্য_সংযোজন_মূসক,76
জাতীয়_মানসিক_স্বাস্থ্য,79
স্থানীয়_আওয়ামী_লীগ,52
মিউচুয়াল_ফান্ডের_লেনদ,108
আপনাকে_অভিনন্দন_জানাব,52
ছাত্র_সংসদ_নির্বাচন,89
তত্ত্বাবধায়ক_সরকারের_আমল,61
যুগ্ম_মহাসচিব_বাংলাদেশ,3
সত্ত্বেও_স্বাস্হ্য_সুন্দর,54
হাফ_সেঞ্চুরি_পূরণ,65
নির্বাচন_অবাধ_সুষ্ঠু,54
কান্নায়_ভেঙে_পড়,59
সামাজিক_অবস্থান_সুদৃঢ়,69
কাজকর্মে_উৎসাহ_বোধ,136
কর্কট_Jun_Jul,615
আইন_সালিশ_কেন্দ্র,85
জড়িত_থাকার_অভিযোগ,61
খন্দকার_মাহবুব_হোস,73
অবলম্বনে_সাকিব_সিকান্দ,296
আওয়ামী_লীগের_প্রার্থী,195
কাজ_শেষ_পারব,6
এলাকায়_ঘটনা_ঘট,124
পরিবারের_কাঠিন্য_দেখাব,73
উপজেলা_কৃষি_কর্মকর্তা,67
গানটির_কথা_সুর,52
অর্থবছরের_লভ্যাংশ_ঘোষণা,54
মামলার_প্রধান_আসামি,55
জাতিসংঘ_নিরাপত্তা_পরিষ,60
কলকাতা_নাইট_রাইডার্স,58
সেরকমই_বিষয়গুলি_ইচ্ছামাফিক,86
রাত_সাড়ে_ট,137
গলা_কেটে_হত্যা,60
ঢাকা_বিশ্ববিদ্যালয়ের_শিক্ষক,82
বাণিজ্যমন্ত্রী_তোফায়েল_আহমেদ,255
সেতুমন্ত্রী_ওবায়দুল_কা,116
সহকারী_পুলিশ_সুপ,121
সূচক_কমেছে_পয়েন্ট,70
অস্থিরতা_পরিহার_করুন,69
খেলাপি_ঋণের_পরিমাণ,81
সুনাম_অন্যের_ঈর্ষ,9
পকেটে_বাড়ি_ফির,72
চার_ছক্কায়_রান,226
অগ্রণী_ভূমিকা_পালন,64
ওমর_শরীফ_পল্লব,1
মুহম্মদ_জাফর_ইকবাল,60
সংস্থা_বাংলাদেশ_সিকিউরিটিজ,8
নজরুল_ইসলাম_মঞ্জু,73
পুলিশ_সুপার_এসপি,63
সকাল_সাড়ে_,99
আওয়ামী_লীগের_প্রার্থীর,56
ঊর্ধ্বতন_কর্মকর্তারা_উপস্থিত,126
সৈয়দ_মনজুরুল_ইসলাম,65
বৃশ্চিক_অক্টোবর_নভেম্বর,539
হাজার_টাকায়_বিক্রি,88
ঢাকার_বাজারে_গতকাল,72
ফায়ার_সার্ভিসের_কর্মী,73
প্রতিটি_শেয়ারের_দাম,61
অনুশোচনা_ডেকে_আনব,54
আওয়ামী_লীগের_কেন্দ্রী,78
উইকেটে_রান_তোল,18
পাসের_হার_জিপিএ,56
পাওনা_কোটি_টাকা,54
বাংলাদেশ_পরিসংখ্যান_ব্যুরো,61
অনুবাদ_প্রতীক_বর্ধন,259
বরাদ্দ_হাজার_কো,57
বিলিয়ন_মার্কিন_ডল,68
উচ্চ_আদালতে_আপিল,64
বৃশ্চিক_অক্টোবর_নভেম্বর,63
জেনারেল_হাসপাতালে_ভর্তি,53
প্রধানমন্ত্রী_নরেন্দ্র_মোদি,129
গানটির_কথা_লিখ,72
জাতীয়_অর্থনৈতিক_পরিষ,91
রাখার_চেষ্টা_করুন,79
এশিয়া_কাপের_ফাইনাল,78
বিপরীত_দিক_আসা,90
রানের_জুটি_গড়,231
বেলা_সাড়ে_তিনট,54
গুরুত্বপূর্ণ_কাজ_শেষ,89
ঘটায়_প্রেম_পরাজিত,64
কমেছে_দশমিক_শতাংশ,51
নম্বর_ওয়ার্ডের_কাউন্সিলর,76
প্রচুর_পরিমাণে_ভিটামিন,54
কাঁদানে_গ্যাসের_শ,105
মানসিক_চাপ_আন,53
সূচকে_বাংলাদেশের_অবস্থান,51
প্রধান_অতিথি_হিসেব,115
আকবর_আলি_খান,133
সিংহ_Jul_Aug,615
বছর_পূর্তি_উপলক্ষ,66
পরিকল্পনা_এড়িয়ে_চলুন,64
সবচেয়ে_ভাল_জিন,69
পবিত্র_ঈদুল_আজহা,56
বাস_চলাচল_বন্ধ,93
দাম্পত্য_সম্পর্ক_ভালো,92
প্রতিপক্ষকে_আয়ত্তে_আন,89
বিশ্ব_স্বাস্থ্য_সংস্থা,96
সমস্যার_সমাধান_পারব,63
গতকাল_মঙ্গলবার_বিকেল,54
বিভাগের_অতিরিক্ত_সচিব,52
সালের_জানুয়ারি_মাস,65
ব্যয়_বৃদ্ধি_প,111
তথ্যের_সত্যতা_নিশ্চিত,98
আওয়ামী_লীগের_নেতা,414
খন্দকার_মোশাররফ_হোস,114
কথা_মাথায়_রেখ,58
চলতি_বছরের_মাস,81
থানায়_হত্যা_মামলা,84
নম্বর_প্রশ্নের_দা,54
হামলার_ঘটনা_ঘট,63
এভাবে_চলতে_থাকল,103
নির্বাহী_কমিটির_সদস্য,88
বিএনপির_মেয়র_প্রার্থী,70
কার্যালয়ে_সংবাদ_সম্মেলন,55
চিকিৎসাধীন_অবস্থায়_মা,72
বিমান_বাংলাদেশ_এয়ারলাইনস,146
ঢাকা_আন্তর্জাতিক_বাণিজ্য,58
বাংলাদেশ_জাতীয়_ক্রিকেট,65
সাংগঠনিক_সুফল_পাব,82
মোটামুটি_ভালো_থাক,70
পলিসি_রিসার্চ_ইনস্টিটিউট,67
চেন্নাই_সুপার_কিংস,75
সংগ্রহ_উইকেটে_রান,137
গাজীপুর_সিটি_করপোরেশন,75
অবস্থান_কর্মসূচি_পালন,75
ব্যবস্থাপনা_পরিচালক_এমডি,164
লাভজনক_দিনের_আপনা,63
মালিক_সমিতির_সভাপতি,61
পেয়েছেন_হাজার_ভোট,85
ভোক্তা_অধিকার_সংরক্ষণ,59
নামের_ব্যক্তি_নিহত,76
পাকিস্তান_ক্রিকেট_বোর্ড,68
তিন_নম্বরে_নামা,71
চলতি_বছরের_মার্চ,58
চিন্তার_সামর্থ্যকে_বিনষ্ট,59
স্টেট_ইউনিভার্সিটির_রাজনীতি,84
শরীর_স্বাস্থ্য_ভালো,55
উচ্চশিক্ষার্থীদের_দিনটি_শুভ,56
বিএনপির_ভাইস_চেয়ারম্যান,96
প্রধান_নির্বাহী_কর্মকর্তা,470
বেশির_ভাগ_ক্ষেত্র,133
মাশরাফি_বিন_মুর্তজা,311
সেদিকে_খেয়াল_রাখ,54
টাকাপয়সা_লাভ_প্রত্যাশামাফিক,56
বেসামরিক_বিমান_পরিবহন,56
সবচেয়ে_গুরুত্বপূর্ণ_বিষ,67
মহেন্দ্র_সিং_ধোনির,92
সংশ্লিষ্ট_ব্যক্তিরা_বলছ,105
নজরুল_ইসলাম_খান,168
মাশরাফি_বিন_মুর্তজ,115
বিশ্বের_সবচেয়ে_দামি,67
পাঁচ_হাজার_টাকা,128
সংস্কৃতিমন্ত্রী_আসাদুজ্জামান_নূর,94
চোখে_আঙুল_দেখি,67
হাজার_কোটি_ডল,337
লিমিটেডের_ব্যবস্থাপনা_পরিচালক,130
অতিরিক্ত_জেলা_দা,60
চিত্র_উঠে_এস,91
বাংলাদেশ_সড়ক_পরিবহন,125
ডিএসইতে_লেনদেনে_শীর্ষ,74
ওয়েস্ট_ইন্ডিজের_বিপক্ষ,277
আগের_যেকোনো_সময়,56
মানসিক_স্বাস্থ্য_ইনস্টিটিউট,10
মেষ_মার্চ_এপ্রিল,101
শাহজালাল_আন্তর্জাতিক_বিমানবন্দর,51
মীন_ফেব্রুয়ারি_মার্চ,546
সন্ধ্যা_সাড়ে_,70
আজকে_সবকাছু_ভালোর,96
প্রভাবিত_বেশী_খরচ,65
কেন্দ্রীয়_শহীদ_মিনার,105
অতিরিক্ত_জেলা_প্রশাসক,117
কথা_বলার_সম,215
তুলা_Sep_Oct,504
আর্থিক_দিক_ভালো,331
গ্রুপের_ব্যবস্থাপনা_পরিচালক,86
বক্তারা_এসব_কথা,60
অধিনায়ক_বিরাট_কোহ,95
হিসেবে_গড়ে_তুল,65
দক্ষিণ_এশিয়ার_দেশ,83
স্থানীয়_সরকার_মন্ত্রণাল,64
মন্ত্রণালয়ের_অতিরিক্ত_সচিব,59
দূরের_যাত্রা_শুভ,463
বেহাত_সম্পদের_দখল,51
চুক্তি_স্বাক্ষর_অনুষ্ঠান,65
বেড়েছে_দশমিক_শতাংশ,69
ক্ষমা_প্রার্থনা_করুন,53
বিচার_বিভাগের_স্বাধীনত,78
বাংলাদেশ_ক্রিকেট_দল,84
গবেষণায়_উঠে_এস,59
সিরাজুল_ইসলাম_চৌধুরী,96
থাকার_চেষ্টা_করুন,68
অতীতের_কারোর_আপনা,61
বিরুদ্ধে_কঠোর_ব্যবস্থা,83
সম্পাদক_ওবায়দুল_কা,42
সম্ভাব্য_চরম_মন্দ,58
কোটি_টাকার_লেনদ,48
মহেন্দ্র_সিং_ধোনি,150
বাংলাদেশের_সংগ্রহ_উইকেট,55
রাজনৈতিক_তৎপরতা_শুভ,76
কার্বন_ডাই_অক্সাইড,91
বাড়ি_ফেরার_পথ,73
আবু_বকর_সিদ্দিক,64
লীগের_যুগ্ম_সম্পাদক,52
যাত্রাপথে_সতর্ক_থাকুন,65
সূত্র_ডেকন_ক্রনিকল,143
আপনাকে_খুশি_রাখব,51
গুরুত্বপূর্ণ_ভূমিকা_পালন,342
কাজ_চাপ_দখল,64
বিদ্যার্থীদের_দিনটি_শুভ,109
আওয়ামী_লীগ_ক্ষমতা,76
প্রতিবেদনে_টাইমস_ইন্ডিয়া,92
সর্বোচ্চ_হাজার_টাকা,66
পুলিশের_উপস্থিতি_ট,58
অতিথি_হিসেবে_উপস্থিত,113
দক্ষিণ_আফ্রিকা_সফর,79
কন্যা_Aug_Sep,615
অন্যদের_ব্যয়_পছন্দ,84
আয়োজিত_সংবাদ_সম্মেলন,212
কোটি_লাখ_রুপি,60
কুম্ভ_জানুয়ারি_ফেব্রুয়ারি,550
সিরিজে_ব্যবধানে_এগি,53
বাংলাদেশ_অর্থনৈতিক_অঞ্চল,73
প্রধান_বিরোধী_দল,55
সম্পূর্ণ_বিশ্রাম_নিন,70
শ্রেণি_পেশার_মানুষ,147
সূত্র_বলিউড_লাইফকম,76
পরধন_প্রাপ্তির_সম্ভাবনা,72
গ্রেপ্তারের_চেষ্টা_চল,105
ভালোবাসার_মানুষটির_সাথ,70
বেড়ে_অবস্থান_পয়েন্ট,51
করুন_সুনাম_নষ্ট,109
রিপুকে_সংযত_রাখুন,115
নিহত_ব্যক্তির_নাম,134
রানে_অপরাজিত_আছ,76
সাংবাদিকের_প্রশ্নের_জবাব,58
আর্থিক_অবস্থা_উন্নত,67
বেসরকারি_গবেষণা_সংস্থা,74
রাষ্ট্রপতি_আবদুল_হামিদ,137
জাতীয়_ক্রিকেট_দল,67
ব্যবসার_আনন্দকে_মেশাব,61
সম্পাদক_হাছান_মাহমুদ,1
পাকিস্তান_মুসলিম_লিগ,71
জাতীয়_ক্রিকেট_স্টেডিয়াম,28
বৃষ_Apr_May,617
বিশ্বের_সবচেয়ে_ধনী,54
দিনটি_মিশ্র_সম্ভাবনাম,183
প্রধান_নির্বাচন_কমিশন,240
রোকেয়া_রহমান_সাংবাদিক,88
অন্যের_সদাচরণ_করুন,98
হাজার_কোটি_ডলার,132
নাজমুল_হাসান_পাপন,33
ঢাকা_চট্টগ্রাম_মহাসড়ক,78
নৌপরিবহনমন্ত্রী_শাজাহান_খান,64
পড়াশোনায়_বসাতে_পারব,134
উপজেলা_নির্বাহী_কর্মকর্তা,157
বজায়_রাখতে_পারব,2
গানের_মিউজিক_ভিডি,56
ভ্যাট_আইন_বাস্তবায়ন,60
আজকের_দিনটি_মধ্যম,130
বর্তমান_সরকারের_আমল,63
আওয়ামী_লীগ_বিএনপি,203
পুলিশের_ওপর_হামলা,73
বাংলাদেশ_পরিসংখ্যান_ব্যুরোর,65
মধ্যম_আয়ের_দেশ,89
স্টার_স্পোর্টস_সিলেক্ট,78
মোশাররফ_হোসেন_ভূঁইয়া,59
তুলা_সেপ্টেম্বর_অক্টোবর,63
কম্পানির_শেয়ারের_দাম,63
কৃষি_সম্প্রসারণ_অধিদপ্তর,67
দাম_মার্কিন_ডল,71
আওয়ামী_লীগ_সরকার,127
বদরউদ্দিন_আহমদ_কামরান,60
প্রয়োজনে_সহযোগিতা_প,236
আওয়ামী_লীগ_সমর্থিত,59
সালের_জুলাই_মাস,75
গতকাল_রোববার_রা,69
ইউরোপীয়_ইউনিয়ন_ইইউ,62
অর্থবছরের_প্রস্তাবিত_বাজেট,52
প্রধান_সূচক_ডিএসইএক্স,79
আন্তর্জাতিক_সম্মেলন_কেন্দ্র,4
স্বতন্ত্র_প্রার্থী_হিসেব,65
আয়উপার্জন_বৃদ্ধি_প,95
আরোগ্য_লাভের_সম্ভাবনা,98
সংযুক্ত_আরব_আমিরা,118
তালুকদার_আবদুল_খালেক,94
লাখ_মার্কিন_ডল,55
অর্থ_পরিকল্পনা_প্রতিমন্ত্রী,70
উপচে_পড়া_ভিড়,55
সূত্র_ইন্ডিয়ান_এক্সপ্রেস,71
ধর্মীয়_আনন্দ_পাব,57
এরই_অংশ_হিসেব,67
মুশফিকুর_রহিম_মাহমুদউল্লাহ,60
বিনোদন_রোমান্স_শুভ,108
কাজী_নজরুল_ইসলাম,105
সৈয়দ_নজরুল_ইসলাম,57
নির্বাহী_পরিচালক_ইফতেখারুজ্জামান,58
কোটি_টাকা_বরাদ্দ,77
প্রধানমন্ত্রী_শেখ_হাসিনা,1593
সকাল_সাড়ে_ট,105
ওপর_চাপ_সৃষ্,88
বাংলাদেশ_জাতীয়_ইমাম,169
ঢাকা_মেডিকেল_কলেজ,147
অ্যাসোসিয়েশন_বাংলাদেশের_ক্যাব,53
লাশ_উদ্ধার_পুলিশ,163
খন্দকার_গোলাম_মোয়াজ্জেম,19
নাম_প্রকাশ_শর্,321
বাংলাদেশ_ইনস্টিটিউট_ব্যাংক,59
নেতিবাচক_প্রভাব_পড়,52
যৌন_নির্যাতনের_শিক,63
রোগ_প্রতিরোধ_ক্ষমতা,164
তিন_হাজার_টাকা,109
বাড়িতে_অতিথি_সমাগম,56
মূহুর্তের_পরিবর্তনের_স্থগিত,62
দ্য_ডেইলি_স্ট,60
বঙ্গবন্ধু_জাতীয়_স্টেডিয়াম,61
সময়_ব্যয়_করুন,90
সামাজিক_যোগাযোগমাধ্যম_ফেসবু,105
জবাবে_ওবায়দুল_কা,53
সামাজিক_সমস্যার_উদ্ভব,3
ওয়ান_বেল্ট_ওয়ান,51
নিরাপদ_সড়ক_চা,90
অতিরিক্ত_পুলিশ_সুপ,339
বৃশ্চিক_Oct_Nov,541
তথ্য_যোগাযোগ_প্রযুক্তি,183
মিজানুর_রহমান_খান,154
খেলার_যোগ্যতা_অর্জন,58
ভালো_কাজ_আদা,118
বাংলাদেশ_প্রকৌশল_বিশ্ববিদ্যালয়,86
যানবাহন_চলাচল_বন্ধ,61
বিবিসি_অনলাইনের_খবর,67
ব্যাংক_আর্থিক_প্রতিষ্ঠান,150
সামাজিক_যোগাযোগ_মাধ্যম,88
ভারতীয়_ক্রিকেট_বোর্ড,144
নির্বাচন_কমিশন_গঠন,136
অনুষ্ঠানে_প্রধান_অতিথি,166
সরকার_ক্ষমতায়_আস,51
সনাতন_পদ্ধতির_সোন,51
দশমিক_বিলিয়ন_ডল,83
গতকাল_শুক্রবার_রা,77
বিরুদ্ধে_মামলা_দায়,53
জ্যেষ্ঠ_বিচারিক_হাকিম,58
জাতীয়_পার্টির_সাংসদ,60
মাধ্যমিক_স্কুল_সার্টিফিকেট,62
কোরিয়ার_নেতা_কিম,58
দিনের_লেনদেন_শেষ,53
সঠিক_পরিচয়_বোঝাপড়,58
আওয়ামী_লীগ_বিএনপির,179
লাখ_টাকা_জরিমানা,113
হাজার_হেক্টর_জমি,70
সংবাদ_সম্মেলনের_আয়োজন,124
প্রতিবেদনে_বিজনেস_ইনসাইড,110
লাখ_লাখ_মানুষ,129
মোবাইল_ফোন_অপারেটর,133
হাজার_টাকা_জরিমানা,143
দক্ষিণ_আফ্রিকার_বিপক্ষ,179
থাকুন_সুস্থ_থাকুন,326
ফজলুর_রহমান_বাবু,84
সময়_রাত_,60
লিটন_কুমার_দাস,61
আসনের_সংসদ_সদস্য,53
লাশ_উদ্ধার_ময়নাতদন্ত,79
থানার_পরিদর্শক_তদন্ত,187
দুর্যোগ_ব্যবস্থাপনা_কর্মী,52
মাশরাফি_বিন_মর্তুজা,93
পরিস্থিতি_নিয়ন্ত্রণে_আন,59
নাম_প্রকাশে_অনিচ্ছুক,265
কাজের_সন্ধান_পাব,60
স্বত্ব_প্রজেক্ট_সিন্ডিকেট,95
মামলার_প্রস্তুতি_চল,101
চিকিৎসকের_পরামর্শ_নিন,120
হুসেইন_মুহম্মদ_এরশাদ,93
ভারতের_সুপ্রিম_কোর্ট,67
সুরা_বাকারা_আয়াত,81
শেষ_নিঃশ্বাস_ত্যাগ,59
খালেদা_জিয়ার_আইনজীবী,121
বাংলাদেশের_কমিউনিস্ট_পার্,103
ফেব্রুয়ারি_জিয়া_অরফানেজ,51
নির্বাহী_পরিচালক_মুখপাত্র,15
বিবৃতি_সতর্ক_থাকুন,111
পুঁজিবাজার_নিয়ন্ত্রক_সংস্থা,74
মাসে_হাজার_টাকা,98
গ্রামে_ঘটনা_ঘট,131
লাভ_এনে_দেব,108
স্বাধীন_নির্বাচন_কমিশন,51
সমস্যা_মনকে_বিচলিত,1
আইনের_আওতায়_আনা,93
আন্তর্জাতিক_সম্পর্ক_বিভাগ,57
এলাকায়_দুর্ঘটনা_ঘট,71
তিন_ভাগের_ভাগ,82
হাজার_কোটি_টাকা,140
হাফ_সেঞ্চুরি_ন,134
সূত্র_বিজনেস_ইনসাইড,191
কোটি_লাখ_ডল,66
তুলা_সেপ্টেম্বর_অক্টোবর,541
খুঁজে_বের_করুন,89
পানি_উন্নয়ন_বোর্ড,162
ভ্রমণের_সুযোগ_প,78
শুনানি_শেষে_আদালত,57
শেয়ারের_দাম_বেড়,52
বিরুদ্ধে_আইনগত_ব্যবস্থা,59
উইকেটের_পেছনে_ক্যাচ,52
হিসেবে_দায়িত্ব_পালন,334
পুলিশও_পাল্টা_ছোড়,58
আওয়ামী_লীগের_সভাপতি,146
আওয়ামী_লীগের_সম্পাদক,205
কোটি_কোটি_টাক,73
অধিনায়ক_সাকিব_হাসান,157
ক্ষমতা_শক্তি_বেশী,61
খালেদা_জিয়ার_বিরুদ্ধ,70
তৈরি_পোশাক_রপ্তানি,61
নিজ_নিজ_প্রতিষ্ঠান,54
কোটি_লাখ_ডল,603
চিকিৎসক_মৃত_ঘোষণা,157
সাবেক_প্রধান_বিচারপতি,80
হাড়ে_হাড়ে_ট,51
জ্বালানি_তেলের_দাম,117
আন্তর্জাতিক_মুদ্রা_তহবিল,56
শিক্ষার্থীদের_দিনটি_শুভ,60
কবি_প্রাবন্ধিক_সাংবাদিক,64
বাংলাদেশ_ক্রিকেট_বোর্ড,54
গতকাল_মঙ্গলবার_রা,86
পেশাগত_দিক_ভালো,157
পড়াশোনার_আগ্রহ_বোধ,76
কথা_কাজের_খেয়াল,147
খোলা_আকাশের_নিচ,62
শেষে_উইকেটে_রান,62
সূত্র_হিন্দুস্তান_টাইমস,166
আইন_প্রয়োগকারী_সংস্থ,65
প্রধান_চরিত্রে_অভিন,60
সম্মিলিত_সাংস্কৃতিক_জোট,65
বাকি_অংশ_ছাপা,124
কর্মপরিবেশ_অনুকূল_থাক,94
সালের_জুন_মাস,87
কুম্ভ_Jan_Feb,616
সাবেক_নির্বাচন_কমিশন,112
সরকারি_বিদ্যালয়_কেন্দ্র,83
বাংলাদেশ_গণিত_অলিম্পিয়াড,58
রানের_ইনিংস_খেল,51
ওয়েস্ট_ইন্ডিজ_সফর,128
কামাল_আহমেদ_সাংবাদিক,138
ব্যয়_কোটি_টাকা,58
তৈরি_পোশাক_খাত,180
পরিবার_বন্ধুদের_সম,4
ব্যাবসায়িক_দিক_ভালো,163
সুপ্রিম_কোর্টের_আইনজীবী,83
নির্বাচনে_আওয়ামী_লীগ,58
আবেগ_সংযত_রাখুন,96
সম্পর্ক_ভালো_থাক,82
মাহমুদ_হাসান_খান,59
মহাসড়কে_দুর্ঘটনা_ঘট,93
পুলিশ_সদর_দপ্তর,90
পাঁচ_লাখ_টাকা,130
মকর_Dec_Jan,560
উদ্ধার_ঢাকা_মেডিক,75
লাফার্জ_সুরমা_সিমেন্ট,127
থানার_ভারপ্রাপ্ত_কর্মকর্তা,75
মেহেদি_হাসান_মিরাজ,84
সংখ্যা_লাখ_হাজ,117
আড়াই_লাখ_টাকা,53
মোহাম্মদ_সাইফ_উদ্দিন,72
পারিবারিক_দ্বন্দ্বের_অবসান,68
অর্থ_মন্ত্রণালয়ের_অর্থ,54
এলাকায়_অভিযান_চালি,51
গুরুত্বপূর্ণ_ভূমিকা_রাখ,52
দেশের_প্রধান_শেয়ারবাজ,85
বিদ্যালয়ের_প্রধান_শিক্ষক,65
নিয়ন্ত্রণ_কমিশনের_বিটিআরসি,4
নাজমুল_ইসলাম_অপু,99
স্বপ্ন_সত্যে_পরিণত,51
জ্ঞানস্পৃহা_বৃদ্ধি_পাব,278
আর্থিক_সমস্যা_গঠনমূলক,59
জিতে_ব্যাটিংয়ে_নেম,54
যাত্রা_যোগাযোগ_শুভ,111
খুশি_ভাগ_নিন,55
রানে_উইকেট_হারানোর,72
অধিনায়ক_সরফরাজ_আহমেদ,54
মোহাম্মদ_বিন_সালমান,67
কিনা_মিলিয়ে_নিন,70
স্থানীয়_সরকার_সংস্থ,58
রানে_উইকেট_হারি,121
ভবিষ্যতের_পরিকল্পনা_গ্রহণ,77
আন্তর্জাতিক_অপরাধ_ট্রাইব্যুনাল,82
আলো_আপনাকে_ধন্যবাদ,77
গতকাল_মঙ্গলবার_দুপুর,54
বিএনপি_আওয়ামী_লীগ,51
নিবিড়_পরিচর্যা_কেন্দ্র,63
মানসিক_প্রশান্তি_বজা,58
শফিউল_ইসলাম_মহিউদ্দিন,59
আলোয়_প্রকাশিত_খবর,90
ইউনিয়ন_পরিষদের_ইউপি,89
উপজেলা_পরিষদের_চেয়ারম্যান,149
লাখ_হাজার_ডল,110
লেনদেনে_সতর্ক_থাকুন,75
লাখ_কোটি_টাকা,89
সুসম্পর্ক_বজায়_থাক,108
প্রতিবেদনে_হিন্দুস্তান_টাইমস,96
চলার_চেষ্টা_করুন,65
আলো_আপনাকে_ধন্যবাদ,81
শূন্য_দশমিক_শতাংশ,137
টেলিভিশনের_পর্দায়_খেলা,63
মীন_ফেব্রুয়ারি_মার্চ,66
সড়ক_পরিবহন_সেতু,56
রানে_উইকেট_হারা,58
কফি_উইথ_করণ,67
মুক্তি_পেতে_চল,60
দশমিক_শূন্য_শতাংশ,59
খালেদা_জিয়া_কারাগার,41
দক্ষিণ_পূর্ব_এশিয়,98
কারিনা_কাপুর_খান,104
জলবায়ু_পরিবর্তনের_কারণ,61
ঘটনার_সত্যতা_নিশ্চিত,335
স্বাধীন_বাংলা_বেত,55
বঙ্গবন্ধু_শেখ_মুজিব,104
সকাল_সাড়ে_নয়ট,52
দুর্নীতি_দমন_কমিশন,151
সিরিজের_তৃতীয়_শেষ,74
আওয়ামী_লীগ_সরক,165
স্কুল_অ্যান্ড_কলেজ,206
বেশির_ভাগ_মানুষ,151
বিচার_বিভাগের_স্বাধীনতা,133
তদন্ত_কমিটি_গঠন,191
দৃষ্টি_আকর্ষণ_কর,158
ভ্রাম্যমাণ_আদালত_পরিচালনা,89
হুমকির_মুখে_পড়ব,52
মুক্তি_পাওয়ার_কথা,62
গতকাল_সোমবার_রা,78
মির্জা_ফখরুল_ইসলাম,59
দেশের_প্রধান_পুঁজিবাজ,156
বিশ্ববিদ্যালয়_মঞ্জুরি_কমিশন,66
বার্ষিক_সভা_এজিএম,72
দাম_হাজার_টাকা,321
মামলার_তদন্তকারী_কর্মকর্তা,69
বাংলাদেশ_চলচ্চিত্র_উন্নয়ন,64
মন্তব্য_রাজি_হননি,71
ইন্টারন্যাশনাল_কনভেনশন_সি,60
বিএনপির_নেতা_কর্মী,306
বিশ্বের_অন্যতম_স,78
দলীয়_নেতা_কর্মী,109
ভাড়া_হাজার_টাকা,60
সামাজিক_যোগাযোগের_মাধ্যম,85
বিভাগের_সহযোগী_অধ্যাপক,88
সরকারি_কৌঁসুলি_পিপি,55
দশমিক_ডিগ্রি_সেলসিয়াস,88
লেনদেনের_ভিত্তিতে_টাকা,83
আর্কষণীয়_বন্ধুত্বসুলভ_ব্যক্তিত্ব,58
বাংলাদেশ_বিনিয়োগ_উন্নয়ন,73
উত্তেজনাপূর্ণ_পরিস্থিতির_সম্মুখীন,56
বিপুল_পরিমাণ_অর্থ,61
সূত্র_ফক্স_নিউজ,52
থানায়_ডায়েরি_জিডি,102
দশমিক_ইঞ্চি_মাপ,55
বেশির_ভাগ_সম,320
সূত্র_টাইমস_ইন্ডিয়া,340
বাংলাদেশ_উন্নয়ন_গবেষণা,69
বাংলাদেশ_ফুটবল_ফেডারেশন,72
আইনজীবী_সমিতির_সভাপতি,34
বাংলাদেশের_প্রধানমন্ত্রী_শেখ,125
হোলি_আর্টিজান_বেকারি,98
সামাজিকতায়_অর্থ_ব্য,83
কথা_বলার_সুযোগ,76
শেখ_হাসিনার_নেতৃত্ব,83
নির্বাচন_কমিশন_ইসি,100
দিনটি_বিবাহিত_জীবন,53
সাইফ_আলী_খান,79
সামাজিক_অগ্রগতি_অব্যাহত,81
আগ্রহ_বৃদ্ধি_প,60
মীন_Feb_Mar,615
ঋণের_সুদের_হ,69
জাতীয়_সংসদ_নির্বাচন,307
সতর্কতার_সাথে_সামলা,51
আর্থিক_উন্নতি_নিশ্চিত,80
নারী_শিশু_নির্যাতন,51
বলার_অপেক্ষা_রাখ,282
কৃষক_শ্রমিক_জনতা,67
বিজ্ঞান_প্রযুক্তি_বিশ্ববিদ্যাল,56
আদালতের_কারাগারে_পাঠানো,54
সংখ্যা_কোটি_লাখ,76
মোসাদ্দেক_হোসেন_সৈকত,57
বেলা_সাড়ে_,81
গ্রেপ্তার_ব্যক্তিরা_হ,61
যথাযথ_উপদেশ_নি,55
প্রধান_অতিথির_বক্তব্য,273
জিবি_র্যাম_জি,66
ট্রান্সপারেন্সি_ইন্টারন্যাশনাল_বাংলাদেশ,65
বেসামরিক_বিমান_চলাচল,88
রাখুন_আগত_সম,78
খরচ_সন্দেহজনক_আর্থিক,64
আপনাকে_অবাক_দেব,63
কোটা_সংস্কার_আন্দোলন,311
উপজেলা_স্বাস্থ্য_কমপ্লেক্স,456
প্রতিবেদনে_ফক্স_নিউজ,76
বিএনপির_চেয়ারপারসনের_উপদেষ্,61
সেভ_দ্য_চিলড্র,70
আর্থিক_স্কিমের_উপস্থাপন,54
ইংলিশ_প্রিমিয়ার_লিগ,226
সৈয়দ_আবুল_মকসুদ,76
হাজার_কোটি_টাক,473
লাখ_হাজার_টাক,96
যানবাহনের_সতর্ক_থাকুন,65
কবি_সুফিয়া_কামাল,58
বেগম_খালেদা_জিয়া,72
বিবিসি_অনলাইনের_প্রতিবেদন,58
শরীর_একটা_ভালো,65
শিক্ষক_বাংলা_বিভাগ,53
জামিলুর_রেজা_চৌধুরী,69
প্রবৃদ্ধি_দশমিক_শতাংশ,174
প্রযুক্তিপণ্য_নির্মাতা_প্রতিষ্ঠান,53
ভ্রমণ_লাভদায়ক_খরচসাপেক্ষ,102
সময়_এখনো_বিষাদ,63
প্রতিমন্ত্রী_জুনাইদ_আহমেদ,88
কোটি_টাকা_ব্য,84
সফর_দিনটি_ভালো,134
খরচ_হাজার_কো,77
রানে_উইকেট_নিয়,60
অর্থনৈতিক_অঞ্চল_প্রতিষ্ঠ,56
আইনশৃঙ্খলা_রক্ষাকারী_বাহিনীর,891
আকস্মিক_প্রেমঘটিত_সাক্ষাৎ,53
পাসের_হার_দশমিক,88
শত্রুরা_ক্ষতি_চেষ্,64
গভর্নর_আতিউর_রহমান,65
দেখার_নীতিবোধ_দুর্বল,84
ওভারে_রানে_অলআউট,57
বাংলাদেশ_শিল্পকলা_একাডেমির,56
দশমিক_মিলিয়ন_ডল,57
জেলা_পুলিশ_সুপ,55
নিজেকে_প্রস্তুত_করুন,55
সহকারী_কমিশনার_ভূমি,110
সংবাদ_সম্মেলনে_উপস্থিত,217
থানার_উপপরিদর্শক_এসআ,340
হাসপাতালের_মর্গে_পাঠানো,56
রানে_উইকেট_ন,138
হাজার_মার্কিন_ডল,95
রুকু_আয়াত_পা,52
প্রধানমন্ত্রী_নরেন্দ্র_মোদির,70
জিয়া_অরফানেজ_ট্রাস্ট,76
মকর_ডিসেম্বর_জানুয়ারি,67
প্রতিমন্ত্রী_নসরুল_হামিদ,74
বেলা_সাড়ে_ট,132
অনুষ্ঠানের_প্রধান_অতিথি,70
ব্যক্তিগত_ব্যর্থতার_খারাপ,102
যথাযথ_উপদেশ_লগ্নি,55
লাখ_হাজার_টাকা,669
ব্যস্ত_সময়_প,71
সরকার_বিভাগের_অধ্যাপক,89
অত্যন্ত_গুরুত্বপূর্ণ_বিষ,62
ওপর_হামলা_চালা,52
লেনদেন_কোটি_টাকা,67
চিকিৎসকেরা_মৃত_ঘোষণা,57
শরীর_ভালো_থাক,119
কোটি_মার্কিন_ডল,124
নিরাপদ_সড়কের_দা,212
কোটা_সংস্কারের_দা,152
বাজারে_কোটি_টাক,24
বাংলাদেশ_প্রিমিয়ার_লিগ,55
বাংলাদেশ_অভ্যন্তরীণ_নৌপরিবহন,68
দলের_স্থায়ী_কমি,54
কমিয়ে_আনা_সম্ভব,57
সীমিত_ওভারের_ক্রিকেট,52
দশমিক_শতাংশ_হার,61
হাসান_উদ্দিন_সরক,94
সূত্র_সংবাদ_প্রতিদিন,56
জিনিস_কেনার_আদর্শ,53
মূল্যবোধ_বজায়_রাখুন,123
কর্কট_জুন_জুলা,602
আবদুল_মঈন_খান,53
মাদকদ্রব্য_নিয়ন্ত্রণ_অধিদপ্তর,76
স্বাস্থ্যমন্ত্রী_মোহাম্মদ_নাসিম,98
সহকারী_উপপরিদর্শক_এএসআ,121
বিশ্ব_স্বাস্থ্য_সংস্থ,140
স্ত্রীর_জীবনের_শ্রেষ্ঠ,92
প্রতিদিন_সকাল_রাত,74
মির্জ্জা_আজিজুল_ইসলাম,53
বোঝার_চেষ্টা_করুন,67
মিস_ওয়ার্ল্ড_বাংলাদেশ,104
জাহাঙ্গীর_কবির_নানক,85
সুপ্রিম_জুডিশিয়াল_কাউন্সিল,79
আওয়ামী_লীগের_নেতৃত্বাধীন,59
দিনের_দ্বিতীয়_ম্যাচ,83
নিহত_ব্যক্তিরা_হ,100
গতকাল_শনিবার_রা,66
ব্যবসায়ীদের_শীর্ষ_সংগঠন,73
দিনের_শেষে_উপলদ্ধি,56
গুরুত্বপূর্ণ_ভূমিকা_রাখব,61
টাকা_দরে_বিক্রি,141
আর্থিক_প্রতিষ্ঠান_বিভাগ,98
কৃতিত্বের_আসে_তাঁ,51
বাংলাদেশ_প্রকৌশল_বিশ্ববিদ্যাল,51
আহসান_এইচ_মনসুর,28
ভ্রমণে_সতর্ক_থাকুন,62
গভর্নর_ফজলে_কবির,48
অধীনদের_লাগাতে_পারব,93
স্বরাষ্ট্রমন্ত্রী_আসাদুজ্জামান_খান,81
গুরুতর_আহত_অবস্থা,83
মিলিয়ন_মার্কিন_ডল,105
হালকা_গরম_পানি,58
মাহবুব_আলম_হানিফ,75
ভারপ্রাপ্ত_কর্মকর্তা_ওসি,101
হাজার_কোটি_টাক,58
বাংলাদেশ_শিল্পকলা_একাডেমি,55
পুলিশ_লাশ_উদ্ধ,66
সাংবাদিকদের_প্রশ্নের_জবাব,324
বিরুদ্ধে_শাস্তিমূলক_ব্যবস্থা,77
বাঁচতে_চানতাহলে_আপনা,58
কোটি_লাখ_ডলার,156
বিভ্রান্ত_চেষ্টা_তথ্য,83
আবুল_কালাম_আজাদ,283
সময়_অনুকূল_থাক,133
দুপুর_সাড়ে_,71
মিথুন_May_Jun,559
জাতীয়_চলচ্চিত্র_পুরস্ক,100
বিরুদ্ধে_আইনি_ব্যবস্থা,106
মুশফিকুর_রহমান_গুলজ,66
তথ্যমন্ত্রী_হাসানুল_ইনু,123
রপ্তানি_উন্নয়ন_ব্যুরো,53
ব্যয়_হাজার_কো,92
দলের_নেতা_কর্মী,171
শেখ_মুজিবুর_রহমান,114
মূল_প্রবন্ধ_উপস্থাপন,124
হাজার_একর_জমি,55
মকর_ডিসেম্বর_জানুয়ারি,550
কোটি_লাখ_হাজ,129
সংবাদ_বিজ্ঞপ্তিতে_তথ্য,55
পদ্মা_সেতু_প্রকল্প,53
সুষ্ঠু_পারলে_লাভবান,55
ট্রাস্ট_দুর্নীতি_মামলা,25
সিংহ_জুলাই_আগস্ট,608
কন্যা_আগস্ট_সেপ্টেম্বর,605
রানা_প্লাজা_ধস,316
তথ্য_উঠে_এস,105
স্থায়ী_কমিটির_সদস্য,75
ঐশ্বরিয়া_রাই_বচ্চন,106
মেহেদী_হাসান_মিরাজ,351
বিবাহিত_জীবন_বিরক্তিকর,69
সম্ভাবনা_উঁকি_দি,60
মিউচুয়াল_ফান্ডের_শেয়,58
বাংলাদেশ_জাতীয়_ফুটবল,53
বিস্ময়কর_বিবাহ_সমস্যা,51
নাজমুল_হোসেন_শান্ত,140
ইপিএস_টাকা_পয়সা,54
ঢাকা_সিটি_করপোরেশন,187
দুপুর_সাড়ে_ট,133
দেশজ_উৎপাদনের_জিডিপি,82
আজকের_দিনটা_মধ্যম,55
প্রতিমন্ত্রী_তারানা_হালিম,52
বিবাদ_এড়িয়ে_চলুন,130
হাজার_হাজার_টাকা,108
ক্ষমতাসীন_আওয়ামী_লীগ,260
প্রেমিকপ্রেমিকার_ভুল_বোঝাবুঝি,85
জেলা_বিএনপির_সভাপতি,74
প্রদত্ত_প্রতিশ্রুতি_রক্ষা,55
নিযুক্ত_বাংলাদেশের_রাষ্ট্রদূত,74
মাহমুদুর_রহমান_মান্না,67
আইনশৃঙ্খলা_রক্ষাকারী_বাহিনী,689
সম্মান_বয়ে_আন,58
কোটি_লাখ_টাকা,721
বিরোধী_দলের_নেতা,83
বৈদেশিক_মুদ্রার_রিজার্ভ,112
বিশ্ব_বাণিজ্য_সংস্থ,88
সময়_অর্থের_অপচ,67
ডিমের_সাদা_অংশ,110
বিদেশযাত্রার_সুযোগ_আস,72
আলোচনা_সভার_আয়োজন,68
আদালতে_স্বীকারোক্তিমূলক_জবানবন্দি,58
হাজার_কোটি_টাকা,1667
ঢাকা_মহানগর_দক্ষিণ,85
গয়েশ্বর_চন্দ্র_রা,60
ভালোভাবে_যাচাই_নিন,5
রাজধানীর_কারওয়ান_বাজার,77
বিভাগের_সহকারী_অধ্যাপক,73
কাজ_আদায়_সহজ,14
ধনু_Nov_Dec,605
চলচ্চিত্র_শিল্পী_সমিতির,51
উচ্চবিদ্যালয়ের_প্রধান_শিক্ষক,63
অতিরিক্ত_ব্যবস্থাপনা_পরিচালক,78
কুম্ভ_জানুয়ারি_ফেব্রুয়ারি,67
বাংলাদেশ_ব্যাংকের_তথ্য,68
প্রচেষ্টা_অব্যাহত_রাখুন,58
আলোচনায়_অংশ_ন,96
আবদুল্লাহ_আবু_সায়ীদ,64
কোটি_লাখ_টাক,116
গোপন_সংবাদের_ভিত্তি,116
নুসরাত_ইমরোজ_তিশা,51
আবদুল_মতিন_খসরু,67
প্রধানমন্ত্রী_শেখ_হাসিন,749
চলতি_বছরের_জানুয়ারি,95
পুলিশ_স্থানীয়_সূত্র,78
এসব_তথ্য_জানান,52
ইউনিয়ন_পরিষদের_চেয়ারম্যান,115
তারিক_আনাম_খান,60
শত্রুকে_দুর্বল_ভাবা,93
চ্যান্সেলর_আঙ্গেলা_ম্যার্ক,53
বিনিয়োগ_ক্ষতি_সম্ভবপর,55
প্রয়োজনীয়দের_সাহায্য_ক্ষমতা,56
পালন_আনন্দ_পাব,58
ভোটার_লাখ_হাজ,96
ছাত্রলীগের_নেতা_কর্মী,311
সূচক_বেড়েছে_পয়েন্ট,68
মোস্তফা_সরয়ার_ফারুকী,58
ঢাকা_মহানগর_পুলিশ,160
বিভাগ_ঢাকা_বিশ্ববিদ্যাল,121
সম্পর্কে_সতর্ক_থাকুন,71
সৃজনশীল_সুফল_পাব,61
ধনু_নভেম্বর_ডিসেম্বর,604
বাড়িতে_অতিথির_আগমন,96
আগের_বছরের_তুলনা,60
